INSERT INTO KhachHang (maKhachHang, tenKhachHang, gioiTinh, CCCD, ngaySinh, sdt, loaiKhachHang)
VALUES 
    ('KH0001', 'Trần Hồng Nguyên', 1, '123456789012', '1995-01-01', '0912345678', 1),
    ('KH0002', 'Lê Trần Ái Phương', 0, '098765432109', '1992-05-20', '0909876543', 0),
    ('KH0003', 'Trịnh Trần Phương Tuấn', 1, '096816611313', '1995-03-13', '0989199789', 1),
    ('KH0004', 'Nguyễn Tấn Thịnh', 1, '036123345567', '2004-11-06', '0397994524', 0),
    ('KH0005', 'Huỳnh Quốc Học', 1, '018765432909', '2004-11-06', '0129876543', 1),
    ('KH0006', 'Nguyễn Thanh Tùng', 1, '123456789012', '1990-03-15', '0912345678', 1),
    ('KH0007', 'Phạm Thị Hồng Vân', 0, '234567890123', '1985-07-22', '0913456789', 0),
    ('KH0008', 'Lê Quang Minh', 1, '345678901234', '1992-11-02', '0914567890', 1),
    ('KH0009', 'Ngô Văn An', 1, '456789012345', '1994-09-18', '0915678901', 1),
    ('KH0010', 'Trần Bích Ngọc', 0, '567890123456', '1991-02-25', '0916789012', 0),
    ('KH0011', 'Võ Quốc Bảo', 1, '678901234567', '1988-06-14', '0917890123', 1),
    ('KH0012', 'Doãn Hà Linh', 0, '789012345678', '1993-04-05', '0918901234', 0),
    ('KH0013', 'Hoàng Văn Nam', 1, '890123456789', '1990-12-30', '0919012345', 1),
    ('KH0014', 'Nguyễn Thị Kim Oanh', 0, '901234567890', '1995-01-10', '0920123456', 0),
    ('KH0015', 'Phan Đăng Khoa', 1, '123890456789', '1989-05-16', '0921234567', 1),
    ('KH0016', 'Thái Thị Lan', 0, '234901567890', '1994-08-20', '0922345678', 0),
    ('KH0017', 'Lê Anh Tú', 1, '345012678901', '1992-03-03', '0923456789', 1),
    ('KH0018', 'Vũ Thị Huyền', 0, '456123789012', '1991-07-11', '0924567890', 0),
    ('KH0019', 'Bùi Văn Kiên', 1, '567234890123', '1987-10-21', '0925678901', 1),
    ('KH0020', 'Nguyễn Khánh Vy', 0, '678345901234', '1993-09-19', '0926789012', 0),
    ('KH0021', 'Phạm Thị Minh Anh', 0, '789456012345', '1990-06-25', '0927890123', 0),
    ('KH0022', 'Trương Văn Tuấn', 1, '890567123456', '1989-12-17', '0928901234', 1),
    ('KH0023', 'Nguyễn Thị Thu Trang', 0, '901678234567', '1994-04-07', '0929012345', 0),
    ('KH0024', 'Hoàng Thanh Duy', 1, '123789345678', '1992-11-30', '0930123456', 1),
    ('KH0025', 'Vũ Thị Minh Ngọc', 0, '234890456789', '1993-05-24', '0931234567', 0);
    
INSERT INTO NhanVien (maNhanVien, hoTenNhanVien, ngaySinh, gioiTinh, diaChi, sdt, chucVu, trangThai, email, hinhanhNV)
VALUES 
    ('NV2501001', 'Trương Mỹ Lan', '1986-07-15', 0, 'Bắc Giang', '0948139271', 1, 1, 'mylantruong@gmail.com', 'hinhanh/nv7.png'),
    ('NV2500002', 'Nguyễn Thị Mỹ Hoa', '2004-04-15', 0, 'Đăk Lăk', '0963059030', 0, 1, 'hoanguyen.15042000@gmail.com', 'hinhanh/nv4.png'),
    ('NV2501002', 'Huỳnh Lệ Hoan', '2004-02-05', 0, 'Tp.HCM', '0931481507', 1, 1, 'lehoanhuynh12@gmail.com', 'hinhanh/a1.png'),
    ('NV2500003', 'Nguyễn Thị Kiều Trang', '2004-11-08', 0, 'Phú Sơn, Bù Đăng, Bình Phước', '0914359952', 0, 1, 'kieutrang060811@gmail.com', 'hinhanh/iwicahn.jpg'),
    ('NV2511001', 'Cao Ngọc Đăng Quân', '2001-01-16', 1, 'Đồng Hới, Quảng Bình', '0559158202', 1, 1, 'cahniu520@gmail.com', 'hinhanh/nv11.png'),
    ('NV2500001', 'Nguyễn Tấn Thịnh', '2004-11-06', 1, 'Long An', '0397994524', 0, 1, 'thinhnopro24@gmail.com', 'hinhanh/nv9.png');

INSERT INTO TaiKhoan (userName, matKhau, maNhanVien)
VALUES
    ('lehoan', '$2a$10$EdaTBdIgs2xr9ZytJ/xznekziw1P6Kkz9nGSz6YUAJugSqorsxNE2', 'NV2501002'),
    ('cahn', '$2a$10$eGQZfj8kZcNC5QOEJSEPTeiZN8fHGveqvElJ1mNfPCAtaBxwQMYfy', 'NV2500003'),
    ('mihoa', '$2a$10$xTe9RimmQu7fAQzdG6SUfOZRQtiB5sw3TbFLF6Eueeabo4jNAOVWq', 'NV2500002'),
    ('mylan', '$2a$10$WvPErnV/91I3BYTKS0QVY.F6XV3ZyPQosf.EI5Um1N5.VrkbBvSRO', 'NV2501001'),
    ('thinhpro', '$2a$10$LkTbCVCK19bw46b85Uj47eJ1O2he6fSYHSvR96Kk.XTqghF4xvNbS', 'NV2500001'),
    ('wind', '$2a$10$LB1ZwRObzzpUsfkT0NEB7u2ggh9wsEepZxxxxSwYYls/yvPFNj7zi', 'NV2511001');

   
INSERT INTO Phong (maPhong, soPhong, soGiuong, loaiPhong, giaPhong, hinhAnhPhong, trangThaiPhong)
VALUES 
    ('P101', '101', 1, 'MOT_GIUONG_DON', 200000, 'hinhanh/pdon.png', 'TRONG'),
    ('P102', '102', 1, 'MOT_GIUONG_DON', 200000, 'hinhanh/pdon.png', 'TRONG'),
    ('P103', '103', 2, 'HAI_GIUONG_DON', 350000, 'hinhanh/p2don.png', 'DA_DAT'),
    ('P104', '104', 2, 'HAI_GIUONG_DON', 350000, 'hinhanh/p2don.png', 'DA_DAT'),
    ('P105', '105', 2, 'MOT_DON_MOT_DOI', 500000, 'hinhanh/pdondoi.png', 'DANG_BAO_TRI'),
    ('P106', '106', 1, 'MOT_GIUONG_DOI', 300000, 'hinhanh/pdoi.png', 'DA_DAT_TRUOC'),
    ('P201', '201', 1, 'MOT_GIUONG_DON', 200000, 'hinhanh/pdon.png', 'TRONG'),
    ('P202', '202', 1, 'MOT_GIUONG_DON', 200000, 'hinhanh/pdon.png', 'DA_DAT'),
    ('P203', '203', 2, 'HAI_GIUONG_DON', 350000, 'hinhanh/p2don.png', 'DANG_BAO_TRI'),
    ('P204', '204', 2, 'HAI_GIUONG_DON', 350000, 'hinhanh/p2don.png', 'DA_DAT'),
    ('P205', '205', 2, 'MOT_DON_MOT_DOI', 500000, 'hinhanh/pdondoi.png', 'TRONG'),
    ('P206', '206', 1, 'MOT_GIUONG_DOI', 300000, 'hinhanh/pdoi.png', 'DA_DAT_TRUOC'),
    ('P301', '301', 1, 'MOT_GIUONG_DON', 200000, 'hinhanh/pdon.png', 'TRONG'),
    ('P302', '302', 1, 'MOT_GIUONG_DON', 200000, 'hinhanh/pdon.png', 'DANG_BAO_TRI'),
    ('P303', '303', 2, 'HAI_GIUONG_DON', 350000, 'hinhanh/p2don.png', 'DA_DAT'),
    ('P304', '304', 2, 'HAI_GIUONG_DON', 350000, 'hinhanh/p2don.png', 'DA_DAT_TRUOC'),
    ('P305', '305', 2, 'MOT_DON_MOT_DOI', 500000, 'hinhanh/pdondoi.png', 'DA_DAT'),
    ('P306', '306', 1, 'MOT_GIUONG_DOI', 300000, 'hinhanh/pdoi.png', 'TRONG'),
    ('P401', '401', 1, 'MOT_GIUONG_DON', 200000, 'hinhanh/pdon.png', 'DA_DAT'),
    ('P402', '402', 1, 'MOT_GIUONG_DON', 200000, 'hinhanh/pdon.png', 'TRONG'),
    ('P403', '403', 2, 'HAI_GIUONG_DON', 350000, 'hinhanh/p2don.png', 'DANG_BAO_TRI'),
    ('P404', '404', 2, 'HAI_GIUONG_DON', 350000, 'hinhanh/p2don.png', 'DA_DAT'),
    ('P405', '405', 2, 'MOT_DON_MOT_DOI', 500000, 'hinhanh/pdondoi.png', 'DA_DAT_TRUOC'),
    ('P406', '406', 1, 'MOT_GIUONG_DOI', 300000, 'hinhanh/pdoi.png', 'TRONG'),
    ('P501', '501', 1, 'MOT_GIUONG_DON', 200000, 'hinhanh/pdon.png', 'TRONG'),
    ('P502', '502', 1, 'MOT_GIUONG_DON', 200000, 'hinhanh/pdon.png', 'DA_DAT'),
    ('P503', '503', 2, 'HAI_GIUONG_DON', 350000, 'hinhanh/p2don.png', 'TRONG'),
    ('P504', '504', 2, 'HAI_GIUONG_DON', 350000, 'hinhanh/p2don.png', 'DANG_BAO_TRI'),
    ('P505', '505', 2, 'MOT_DON_MOT_DOI', 500000, 'hinhanh/pdondoi.png', 'DA_DAT_TRUOC'),
    ('P506', '506', 1, 'MOT_GIUONG_DOI', 300000, 'hinhanh/pdoi.png', 'TRONG');
    
INSERT INTO DoAnThucUong (maSanPham, tenSanPham, ngaySanXuat, loaiSanPham, soLuong, hanSuDung, giaNhap, giaBan)
VALUES 
    ('DV00000001', 'Nước suối', '2023-10-01', 0, 200, '2025-10-01', 7000, 15000),
    ('DV00000002', 'Nước cam', '2023-10-04', 0, 250, '2025-11-01', 10000, 20000),
    ('DV00000003', 'Nước dừa', '2023-10-03', 0, 100, '2025-12-01', 8000, 25000),
    ('DV00000004', 'Sting', '2023-10-06', 0, 200, '2025-10-20', 8000, 18000),
    ('DV00000005', 'Nước soda', '2023-10-07', 0, 150, '2025-10-25', 4500, 13000),
    ('DV00000006', 'Nước bí đao', '2023-10-19', 0, 60, '2025-11-25', 6500, 15000),
    ('DV00000007', 'Pepsi', '2023-10-06', 0, 200, '2025-10-20', 8000, 18000),
    ('DV00000008', 'Cocacola', '2023-10-06', 0, 200, '2025-10-20', 8000, 18000),
    ('DV00000009', '7up', '2023-11-06', 0, 200, '2025-11-20', 6000, 15000),
    ('DV00000010', 'Snack Poca', '2024-03-29', 1, 150, '2025-11-08', 10000, 25000),
    ('DV00000011', 'Kẹo dẻo', '2024-07-05', 1, 200, '2025-07-05', 8000, 18000),
    ('DV00000012', 'Bánh Oreo', '2024-08-15', 1, 100, '2025-08-15', 6000, 15000),
    ('DV00000013', 'Mì Hảo Hảo', '2024-09-25', 1, 300, '2026-09-25', 3000, 8000),
    ('DV00000014', 'Mì Indomie', '2024-02-15', 1, 100, '2026-03-15', 6000, 15000);
    
INSERT INTO PhieuDatPhong (maPhieuDat, maKhachHang, soLuongNguoi, maNhanVien, ngayDatPhong, kieuDat, traTruoc)
VALUES 
    ('M01022024001', 'KH0022', 2, 'NV2500001', '2024-02-01', 1, 0),
    ('M30102023001', 'KH0011', 2, 'NV2500001', '2023-10-30', 1, 0),
    ('M30112023001', 'KH0013', 2, 'NV2501002', '2023-11-30', 1, 0),
    ('M01012023001', 'KH0001', 2, 'NV2500001', '2023-01-01', 1, 0),
    ('M01022023001', 'KH0002', 4, 'NV2500001', '2023-02-01', 0, 0), -- Sửa 3 thành 0
    ('M03012024001', 'KH0018', 2, 'NV2501001', '2024-01-03', 1, 0),
    ('M04102023001', 'KH0010', 1, 'NV2500001', '2023-10-04', 1, 0),
    ('M09022024001', 'KH0023', 2, 'NV2511001', '2024-02-09', 0, 0), -- Sửa 4 thành 0
    ('M10042023001', 'KH0004', 4, 'NV2500001', '2023-04-10', 0, 0), -- Sửa 2 thành 0
    ('M09092023001', 'KH0009', 1, 'NV2501001', '2023-09-09', 1, 0),
    ('M14012024001', 'KH0019', 1, 'NV2501002', '2024-01-14', 1, 0),
    ('M15022024001', 'KH0024', 1, 'NV2511001', '2024-02-15', 1, 0),
    ('M15022024002', 'KH0003', 4, 'NV2511001', '2024-02-15', 0, 0), -- Sửa 3 thành 0
    ('M15082023001', 'KH0008', 3, 'NV2500001', '2023-08-15', 0, 0), -- Sửa 3 thành 0
    ('M14122023001', 'KH0014', 2, 'NV2501001', '2023-12-14', 1, 0),
    ('M18022024001', 'KH0025', 2, 'NV2511001', '2024-02-18', 1, 0),
    ('M19052023001', 'KH0005', 1, 'NV2500001', '2023-05-19', 1, 0),
    ('M20112023001', 'KH0012', 2, 'NV2501001', '2023-11-20', 1, 0),
    ('M23012024001', 'KH0021', 2, 'NV2511001', '2024-01-23', 1, 0),
    ('M24052023001', 'KH0006', 1, 'NV2500001', '2023-05-24', 1, 0),
    ('M24122023001', 'KH0015', 1, 'NV2501002', '2023-12-24', 1, 0),
    ('M27072023001', 'KH0007', 1, 'NV2501001', '2023-07-27', 1, 0),
    ('M29122023001', 'KH0016', 4, 'NV2501001', '2023-12-29', 0, 0), -- Sửa 2 thành 0
    ('M29122023002', 'KH0017', 2, 'NV2501002', '2023-12-29', 1, 0);
    
INSERT INTO ChiTietPhieuDat (maPhieuDat, maPhong, trangThaiChiTiet, ngayNhanPhong, gioNhanPhong, ngayTraPhong, gioTraPhong, soGio)
VALUES 
    ('M01012023001', 'P101', 1, '2023-01-01', '14:00:00', '2023-01-01', '19:00:00', 5),
    ('M01022023001', 'P102', 1, '2023-02-01', '14:00:00', '2023-02-02', '12:00:00', 22),
    ('M01022024001', 'P103', 1, '2024-02-01', '16:00:00', '2024-02-02', '12:00:00', 12),
    ('M03012024001', 'P104', 1, '2024-01-03', '14:00:00', '2024-01-05', '10:00:00', 42),
    ('M04102023001', 'P105', 1, '2023-10-04', '17:00:00', '2023-10-04', '21:00:00', 4),
    ('M09022024001', 'P106', 1, '2024-02-09', '11:00:00', '2024-02-09', '16:00:00', 5),
    ('M09092023001', 'P201', 1, '2023-09-09', '13:00:00', '2023-09-09', '18:00:00', 5),
    ('M10042023001', 'P202', 1, '2023-04-10', '14:00:00', '2023-04-10', '20:00:00', 6),
    ('M14012024001', 'P203', 1, '2024-01-14', '10:00:00', '2024-01-14', '16:00:00', 6),
    ('M14122023001', 'P204', 1, '2023-12-14', '20:00:00', '2023-12-15', '12:00:00', 14),
    ('M15022024001', 'P205', 1, '2024-02-15', '12:00:00', '2024-02-15', '20:00:00', 8),
    ('M15022024002', 'P206', 1, '2024-02-15', '13:00:00', '2024-02-16', '11:00:00', 22),
    ('M18022024001', 'P302', 1, '2024-02-18', '15:00:00', '2024-02-18', '11:00:00', 20),
    ('M19052023001', 'P303', 1, '2023-05-19', '16:00:00', '2023-05-20', '10:00:00', 18),
    ('M20112023001', 'P304', 1, '2023-11-20', '12:00:00', '2023-11-21', '10:00:00', 22),
    ('M23012024001', 'P305', 1, '2024-01-23', '13:00:00', '2024-01-23', '16:00:00', 3),
    ('M24052023001', 'P306', 1, '2023-05-24', '14:00:00', '2023-05-25', '12:00:00', 22);
    
INSERT INTO HoaDon (maHoaDon, ngayLapHoaDon, thue, maNhanVien, maKhachHang, maPhieuDat)
VALUES 
    ('HD020123001', '2023-01-02', 0.08, 'NV2500001', 'KH0001', 'M01012023001'),
    ('HD020223001', '2023-02-02', 0.08, 'NV2500001', 'KH0002', 'M01022023001'),
    ('HD150323001', '2023-03-15', 0.08, 'NV2500001', 'KH0003', 'M15022024002'),
    ('HD100423001', '2023-04-10', 0.08, 'NV2500001', 'KH0004', 'M10042023001'),
    ('HD200523001', '2023-05-20', 0.08, 'NV2500001', 'KH0005', 'M19052023001'),
    ('HD250623001', '2023-06-25', 0.08, 'NV2500001', 'KH0006', 'M24052023001'),
    ('HD300723001', '2023-07-30', 0.08, 'NV2501001', 'KH0007', 'M27072023001'),
    ('HD150823001', '2023-08-15', 0.08, 'NV2500001', 'KH0008', 'M15082023001'),
    ('HD100923001', '2023-09-10', 0.08, 'NV2501001', 'KH0009', 'M09092023001'),
    ('HD051023001', '2023-10-05', 0.08, 'NV2500001', 'KH0010', 'M04102023001'),
    ('HD011123001', '2023-11-01', 0.08, 'NV2500001', 'KH0011', 'M30102023001'),
    ('HD201123001', '2023-11-20', 0.08, 'NV2501001', 'KH0012', 'M20112023001'),
    ('HD011223001', '2023-12-01', 0.08, 'NV2501002', 'KH0013', 'M30112023001'),
    ('HD151223001', '2023-12-15', 0.08, 'NV2501001', 'KH0014', 'M14122023001'),
    ('HD251223001', '2023-12-25', 0.08, 'NV2501002', 'KH0015', 'M24122023001'),
    ('HD301223001', '2023-12-30', 0.08, 'NV2501001', 'KH0016', 'M29122023001'),
    ('HD311223001', '2023-12-31', 0.08, 'NV2501002', 'KH0017', 'M29122023002'),
    ('HD050124001', '2024-01-05', 0.08, 'NV2501001', 'KH0018', 'M03012024001'),
    ('HD150124001', '2024-01-15', 0.08, 'NV2501002', 'KH0019', 'M14012024001'),
    ('HD250124001', '2024-01-25', 0.08, 'NV2511001', 'KH0021', 'M23012024001'),
    ('HD010224001', '2024-02-01', 0.08, 'NV2511001', 'KH0022', 'M01022024001'),
    ('HD100224001', '2024-02-10', 0.08, 'NV2511001', 'KH0023', 'M09022024001'),
    ('HD150224001', '2024-02-15', 0.08, 'NV2511001', 'KH0024', 'M15022024001'),
    ('HD200224001', '2024-02-20', 0.08, 'NV2511001', 'KH0025', 'M18022024001');

INSERT INTO ChiTietHoaDon (maHoaDon, maPhong, maDoAnThucUong, soLuong, soGio, soPhongDat, phuThu, ghiChu)
VALUES 
    ('HD010224001', 'P101', 'DV00000001', 2, 1, 1, 0, 'Không có'),
    ('HD011123001', 'P102', 'DV00000002', 1, 0, 1, 0, 'Không có'),
    ('HD011223001', 'P103', 'DV00000003', 3, 2, 1, 0, 'Không có'),
    ('HD020123001', 'P104', 'DV00000004', 1, 1, 1, 0, 'Không có'),
    ('HD020223001', 'P105', 'DV00000005', 5, 0, 1, 0, 'Không có'),
    ('HD050124001', 'P106', 'DV00000006', 4, 1, 1, 0, 'Không có'),
    ('HD051023001', 'P201', 'DV00000007', 2, 0, 1, 0, 'Không có'),
    ('HD100224001', 'P202', 'DV00000008', 1, 2, 1, 0, 'Không có'),
    ('HD100423001', 'P203', 'DV00000009', 3, 0, 1, 0, 'Không có'),
    ('HD100923001', 'P204', 'DV00000010', 4, 1, 1, 0, 'Không có'),
    ('HD150124001', 'P205', 'DV00000011', 2, 0, 1, 0, 'Không có'),
    ('HD150224001', 'P206', 'DV00000012', 1, 2, 1, 0, 'Không có'),
    ('HD150323001', 'P301', 'DV00000013', 3, 0, 1, 0, 'Không có'),
    ('HD150823001', 'P302', 'DV00000014', 4, 1, 1, 0, 'Không có'),
    ('HD151223001', 'P303', 'DV00000001', 5, 0, 1, 0, 'Không có'),
    ('HD200224001', 'P304', 'DV00000002', 2, 2, 1, 0, 'Không có'),
    ('HD200523001', 'P305', 'DV00000003', 1, 0, 1, 0, 'Không có'),
    ('HD201123001', 'P306', 'DV00000004', 4, 2, 1, 0, 'Không có'),
    ('HD250124001', 'P401', 'DV00000005', 2, 0, 1, 0, 'Không có'),
    ('HD250623001', 'P402', 'DV00000006', 1, 1, 1, 0, 'Không có'),
    ('HD251223001', 'P403', 'DV00000007', 3, 0, 1, 0, 'Không có'),
    ('HD300723001', 'P404', 'DV00000008', 4, 1, 1, 0, 'Không có'),
    ('HD301223001', 'P405', 'DV00000009', 2, 0, 1, 0, 'Không có'),
    ('HD311223001', 'P406', 'DV00000010', 1, 2, 1, 0, 'Không có');
    
    
